timestamp,tx_hash,network,from_address,to_address,asset,amount,fee,is_suspicious,risk_score
"2026-09-08T06:15:00.000Z","0x9a1000f00e876543210fedcba9876543210123456789abcdef0123456789abcde","Ethereum","0x3a1B98f6C2e5917D968841B9C590E81a8b1C9001","DEMO_WALLET_001","ETH",8.5,0.0034,true,78
"2026-09-08T06:42:00.000Z","0x9a1001f01e876543210fedcba9876543210123456789abcdef0123456789abcde","Ethereum","0x3a1B98f6C2e5917D968841B9C590E81a8b1C9001","DEMO_WALLET_001","ETH",10.6,0.0034,true,78
"2026-09-08T07:21:00.000Z","0x9a1002f02e876543210fedcba9876543210123456789abcdef0123456789abcde","Ethereum","0x3a1B98f6C2e5917D968841B9C590E81a8b1C9001","DEMO_WALLET_001","ETH",12.7,0.0034,true,78
"2026-09-08T08:12:00.000Z","0x9a1003f03e876543210fedcba9876543210123456789abcdef0123456789abcde","Ethereum","0x3a1B98f6C2e5917D968841B9C590E81a8b1C9001","DEMO_WALLET_001","ETH",14.8,0.0034,true,78
"2026-09-08T08:35:00.000Z","0x9a1004f10e876543210fedcba9876543210123456789abcdef0123456789abcde","Ethereum","0x4b2C87e5D3f6928E979952CaD601F92b9c2D9002","DEMO_WALLET_001","ETH",11.7,0.0034,true,78
"2026-09-08T09:10:00.000Z","0x9a1005f11e876543210fedcba9876543210123456789abcdef0123456789abcde","Ethereum","0x4b2C87e5D3f6928E979952CaD601F92b9c2D9002","DEMO_WALLET_001","ETH",13.8,0.0034,true,78
"2026-09-08T09:57:00.000Z","0x9a1006f12e876543210fedcba9876543210123456789abcdef0123456789abcde","Ethereum","0x4b2C87e5D3f6928E979952CaD601F92b9c2D9002","DEMO_WALLET_001","ETH",15.9,0.0034,true,78
"2026-09-08T10:56:00.000Z","0x9a1007f13e876543210fedcba9876543210123456789abcdef0123456789abcde","Ethereum","0x4b2C87e5D3f6928E979952CaD601F92b9c2D9002","DEMO_WALLET_001","ETH",18,0.0034,true,78
"2026-09-08T11:27:00.000Z","0x9a1008f20e876543210fedcba9876543210123456789abcdef0123456789abcde","Ethereum","0x5c3D76d4E4a7939F980063DbE712A03c0d3E9003","DEMO_WALLET_001","ETH",14.9,0.0034,true,78
"2026-09-08T12:10:00.000Z","0x9a1009f21e876543210fedcba9876543210123456789abcdef0123456789abcde","Ethereum","0x5c3D76d4E4a7939F980063DbE712A03c0d3E9003","DEMO_WALLET_001","ETH",17,0.0034,true,78
"2026-09-08T13:05:00.000Z","0x9a1010f22e876543210fedcba9876543210123456789abcdef0123456789abcde","Ethereum","0x5c3D76d4E4a7939F980063DbE712A03c0d3E9003","DEMO_WALLET_001","ETH",19.1,0.0034,true,78
"2026-09-08T14:12:00.000Z","0x9a1011f23e876543210fedcba9876543210123456789abcdef0123456789abcde","Ethereum","0x5c3D76d4E4a7939F980063DbE712A03c0d3E9003","DEMO_WALLET_001","ETH",21.2,0.0034,true,78
"2026-09-08T14:51:00.000Z","0x9a1012f30e876543210fedcba9876543210123456789abcdef0123456789abcde","Ethereum","0x6d4E65c3F5b8940A991174EcF823B14d1e4F9004","DEMO_WALLET_001","ETH",18.1,0.0034,true,78
"2026-09-08T15:42:00.000Z","0x9a1013f31e876543210fedcba9876543210123456789abcdef0123456789abcde","Ethereum","0x6d4E65c3F5b8940A991174EcF823B14d1e4F9004","DEMO_WALLET_001","ETH",20.2,0.0034,true,78
"2026-09-08T16:45:00.000Z","0x9a1014f32e876543210fedcba9876543210123456789abcdef0123456789abcde","Ethereum","0x6d4E65c3F5b8940A991174EcF823B14d1e4F9004","DEMO_WALLET_001","ETH",22.3,0.0034,true,78
"2026-09-08T18:00:00.000Z","0x9a1015f33e876543210fedcba9876543210123456789abcdef0123456789abcde","Ethereum","0x6d4E65c3F5b8940A991174EcF823B14d1e4F9004","DEMO_WALLET_001","ETH",24.4,0.0034,true,78
"2026-09-08T18:47:00.000Z","0x9a1016f40e876543210fedcba9876543210123456789abcdef0123456789abcde","Ethereum","0x7e5F54b2A6c9951B902285Fd0934C25e2f5A9005","DEMO_WALLET_001","ETH",21.3,0.0034,true,78
"2026-09-08T19:46:00.000Z","0x9a1017f41e876543210fedcba9876543210123456789abcdef0123456789abcde","Ethereum","0x7e5F54b2A6c9951B902285Fd0934C25e2f5A9005","DEMO_WALLET_001","ETH",23.4,0.0034,true,78
"2026-09-08T20:57:00.000Z","0x9a1018f42e876543210fedcba9876543210123456789abcdef0123456789abcde","Ethereum","0x7e5F54b2A6c9951B902285Fd0934C25e2f5A9005","DEMO_WALLET_001","ETH",25.5,0.0034,true,78
"2026-09-08T22:20:00.000Z","0x9a1019f43e876543210fedcba9876543210123456789abcdef0123456789abcde","Ethereum","0x7e5F54b2A6c9951B902285Fd0934C25e2f5A9005","DEMO_WALLET_001","ETH",27.6,0.0034,true,78
"2026-09-08T23:15:00.000Z","0x9a1020f50e876543210fedcba9876543210123456789abcdef0123456789abcde","Ethereum","0x8a1c9006b52817d968841b9c590e81a8b1c9006a","DEMO_WALLET_001","ETH",24.5,0.0034,true,78
"2026-09-09T00:22:00.000Z","0x9a1021f51e876543210fedcba9876543210123456789abcdef0123456789abcde","Ethereum","0x8a1c9006b52817d968841b9c590e81a8b1c9006a","DEMO_WALLET_001","ETH",26.6,0.0034,true,78
"2026-09-09T01:41:00.000Z","0x9a1022f52e876543210fedcba9876543210123456789abcdef0123456789abcde","Ethereum","0x8a1c9006b52817d968841b9c590e81a8b1c9006a","DEMO_WALLET_001","ETH",28.7,0.0034,true,78
"2026-09-09T03:12:00.000Z","0x9a1023f53e876543210fedcba9876543210123456789abcdef0123456789abcde","Ethereum","0x8a1c9006b52817d968841b9c590e81a8b1c9006a","DEMO_WALLET_001","ETH",30.8,0.0034,true,78
"2026-09-09T04:15:00.000Z","0x9a1024f60e876543210fedcba9876543210123456789abcdef0123456789abcde","Ethereum","0x9b2d9007c63928e979952cad601f92b9c2d9007b","DEMO_WALLET_001","ETH",27.7,0.0034,true,78
"2026-09-09T05:30:00.000Z","0x9a1025f61e876543210fedcba9876543210123456789abcdef0123456789abcde","Ethereum","0x9b2d9007c63928e979952cad601f92b9c2d9007b","DEMO_WALLET_001","ETH",29.8,0.0034,true,78
"2026-09-09T06:57:00.000Z","0x9a1026f62e876543210fedcba9876543210123456789abcdef0123456789abcde","Ethereum","0x9b2d9007c63928e979952cad601f92b9c2d9007b","DEMO_WALLET_001","ETH",31.9,0.0034,true,78
"2026-09-09T08:36:00.000Z","0x9a1027f63e876543210fedcba9876543210123456789abcdef0123456789abcde","Ethereum","0x9b2d9007c63928e979952cad601f92b9c2d9007b","DEMO_WALLET_001","ETH",34,0.0034,true,78
"2026-09-09T09:47:00.000Z","0x9a1028f70e876543210fedcba9876543210123456789abcdef0123456789abcde","Ethereum","0xac3e9008d74a39f980063dbe712a03c0d3e9008c","DEMO_WALLET_001","ETH",30.9,0.0034,true,78
"2026-09-09T11:10:00.000Z","0x9a1029f71e876543210fedcba9876543210123456789abcdef0123456789abcde","Ethereum","0xac3e9008d74a39f980063dbe712a03c0d3e9008c","DEMO_WALLET_001","ETH",33,0.0034,true,78
"2026-09-09T12:45:00.000Z","0x9a1030f72e876543210fedcba9876543210123456789abcdef0123456789abcde","Ethereum","0xac3e9008d74a39f980063dbe712a03c0d3e9008c","DEMO_WALLET_001","ETH",35.1,0.0034,true,78
"2026-09-09T14:32:00.000Z","0x9a1031f73e876543210fedcba9876543210123456789abcdef0123456789abcde","Ethereum","0xac3e9008d74a39f980063dbe712a03c0d3e9008c","DEMO_WALLET_001","ETH",37.2,0.0034,true,78
"2026-09-09T14:35:00.000Z","0x8b1032c00a123456789abcdef0123456789abcdef0123456789abcdef012345678","Ethereum","DEMO_WALLET_001","0x9a8B7C6D5E4F3A2B1C0D9E8F7A6B5C4D3E2F1A01","ETH",14.2,0.0041,true,88
"2026-09-09T14:40:00.000Z","0x8b1033c01a123456789abcdef0123456789abcdef0123456789abcdef012345678","Ethereum","DEMO_WALLET_001","0x9a8B7C6D5E4F3A2B1C0D9E8F7A6B5C4D3E2F1A01","ETH",17.3,0.0041,true,88
"2026-09-09T14:47:00.000Z","0x8b1034c02a123456789abcdef0123456789abcdef0123456789abcdef012345678","Ethereum","DEMO_WALLET_001","0x9a8B7C6D5E4F3A2B1C0D9E8F7A6B5C4D3E2F1A01","ETH",20.4,0.0041,true,88
"2026-09-09T14:56:00.000Z","0x8b1035c03a123456789abcdef0123456789abcdef0123456789abcdef012345678","Ethereum","DEMO_WALLET_001","0x9a8B7C6D5E4F3A2B1C0D9E8F7A6B5C4D3E2F1A01","ETH",23.5,0.0041,true,88
"2026-09-09T15:07:00.000Z","0x8b1036c04a123456789abcdef0123456789abcdef0123456789abcdef012345678","Ethereum","DEMO_WALLET_001","0x9a8B7C6D5E4F3A2B1C0D9E8F7A6B5C4D3E2F1A01","ETH",26.6,0.0041,true,88
"2026-09-09T15:20:00.000Z","0x8b1037c05a123456789abcdef0123456789abcdef0123456789abcdef012345678","Ethereum","DEMO_WALLET_001","0x9a8B7C6D5E4F3A2B1C0D9E8F7A6B5C4D3E2F1A01","ETH",29.7,0.0041,true,88
"2026-09-09T15:23:00.000Z","0x8b1038c10a123456789abcdef0123456789abcdef0123456789abcdef012345678","Ethereum","DEMO_WALLET_001","0x8b7C6D5E4F3A2B1C0D9E8F7A6B5C4D3E2F1A02B2","ETH",19.6,0.0041,true,88
"2026-09-09T15:28:00.000Z","0x8b1039c11a123456789abcdef0123456789abcdef0123456789abcdef012345678","Ethereum","DEMO_WALLET_001","0x8b7C6D5E4F3A2B1C0D9E8F7A6B5C4D3E2F1A02B2","ETH",22.7,0.0041,true,88
"2026-09-09T15:35:00.000Z","0x8b1040c12a123456789abcdef0123456789abcdef0123456789abcdef012345678","Ethereum","DEMO_WALLET_001","0x8b7C6D5E4F3A2B1C0D9E8F7A6B5C4D3E2F1A02B2","ETH",25.8,0.0041,true,88
"2026-09-09T15:44:00.000Z","0x8b1041c13a123456789abcdef0123456789abcdef0123456789abcdef012345678","Ethereum","DEMO_WALLET_001","0x8b7C6D5E4F3A2B1C0D9E8F7A6B5C4D3E2F1A02B2","ETH",28.9,0.0041,true,88
"2026-09-09T15:55:00.000Z","0x8b1042c14a123456789abcdef0123456789abcdef0123456789abcdef012345678","Ethereum","DEMO_WALLET_001","0x8b7C6D5E4F3A2B1C0D9E8F7A6B5C4D3E2F1A02B2","ETH",32,0.0041,true,88
"2026-09-09T16:08:00.000Z","0x8b1043c15a123456789abcdef0123456789abcdef0123456789abcdef012345678","Ethereum","DEMO_WALLET_001","0x8b7C6D5E4F3A2B1C0D9E8F7A6B5C4D3E2F1A02B2","ETH",35.1,0.0041,true,88
"2026-09-09T16:11:00.000Z","0x8b1044c20a123456789abcdef0123456789abcdef0123456789abcdef012345678","Ethereum","DEMO_WALLET_001","0x7c6D5E4F3A2B1C0D9E8F7A6B5C4D3E2F1A03C3D3","ETH",25,0.0041,true,88
"2026-09-09T16:16:00.000Z","0x8b1045c21a123456789abcdef0123456789abcdef0123456789abcdef012345678","Ethereum","DEMO_WALLET_001","0x7c6D5E4F3A2B1C0D9E8F7A6B5C4D3E2F1A03C3D3","ETH",28.1,0.0041,true,88
"2026-09-09T16:23:00.000Z","0x8b1046c22a123456789abcdef0123456789abcdef0123456789abcdef012345678","Ethereum","DEMO_WALLET_001","0x7c6D5E4F3A2B1C0D9E8F7A6B5C4D3E2F1A03C3D3","ETH",31.2,0.0041,true,88
"2026-09-09T16:32:00.000Z","0x8b1047c23a123456789abcdef0123456789abcdef0123456789abcdef012345678","Ethereum","DEMO_WALLET_001","0x7c6D5E4F3A2B1C0D9E8F7A6B5C4D3E2F1A03C3D3","ETH",34.3,0.0041,true,88
"2026-09-09T16:43:00.000Z","0x8b1048c24a123456789abcdef0123456789abcdef0123456789abcdef012345678","Ethereum","DEMO_WALLET_001","0x7c6D5E4F3A2B1C0D9E8F7A6B5C4D3E2F1A03C3D3","ETH",37.4,0.0041,true,88
"2026-09-09T16:56:00.000Z","0x8b1049c25a123456789abcdef0123456789abcdef0123456789abcdef012345678","Ethereum","DEMO_WALLET_001","0x7c6D5E4F3A2B1C0D9E8F7A6B5C4D3E2F1A03C3D3","ETH",40.5,0.0041,true,88
"2026-09-09T17:02:00.000Z","0x7c1050b000def0123456789abcdef0123456789abcdef0123456789abcdef01","Ethereum","0x9a8B7C6D5E4F3A2B1C0D9E8F7A6B5C4D3E2F1A01","0x6d5E4F3A2B1C0D9E8F7A6B5C4D3E2F1A04D4E4F4","ETH",4.8,0.0028,true,82
"2026-09-09T17:12:00.000Z","0x7c1051b001def0123456789abcdef0123456789abcdef0123456789abcdef01","Ethereum","0x9a8B7C6D5E4F3A2B1C0D9E8F7A6B5C4D3E2F1A01","0x6d5E4F3A2B1C0D9E8F7A6B5C4D3E2F1A04D4E4F4","ETH",5.6,0.0028,true,82
"2026-09-09T17:26:00.000Z","0x7c1052b002def0123456789abcdef0123456789abcdef0123456789abcdef01","Ethereum","0x9a8B7C6D5E4F3A2B1C0D9E8F7A6B5C4D3E2F1A01","0x6d5E4F3A2B1C0D9E8F7A6B5C4D3E2F1A04D4E4F4","ETH",6.4,0.0028,true,82
"2026-09-09T17:32:00.000Z","0x7c1053b010def0123456789abcdef0123456789abcdef0123456789abcdef01","Ethereum","0x9a8B7C6D5E4F3A2B1C0D9E8F7A6B5C4D3E2F1A01","0x5e4F3A2B1C0D9E8F7A6B5C4D3E2F1A05E5F5A5B5","ETH",5.9,0.0028,true,82
"2026-09-09T17:42:00.000Z","0x7c1054b011def0123456789abcdef0123456789abcdef0123456789abcdef01","Ethereum","0x9a8B7C6D5E4F3A2B1C0D9E8F7A6B5C4D3E2F1A01","0x5e4F3A2B1C0D9E8F7A6B5C4D3E2F1A05E5F5A5B5","ETH",6.7,0.0028,true,82
"2026-09-09T17:56:00.000Z","0x7c1055b012def0123456789abcdef0123456789abcdef0123456789abcdef01","Ethereum","0x9a8B7C6D5E4F3A2B1C0D9E8F7A6B5C4D3E2F1A01","0x5e4F3A2B1C0D9E8F7A6B5C4D3E2F1A05E5F5A5B5","ETH",7.5,0.0028,true,82
"2026-09-09T18:02:00.000Z","0x7c1056b020def0123456789abcdef0123456789abcdef0123456789abcdef01","Ethereum","0x9a8B7C6D5E4F3A2B1C0D9E8F7A6B5C4D3E2F1A01","0x4f3A2B1C0D9E8F7A6B5C4D3E2F1A06F6A6B6C6D6","ETH",7,0.0028,true,82
"2026-09-09T18:12:00.000Z","0x7c1057b021def0123456789abcdef0123456789abcdef0123456789abcdef01","Ethereum","0x9a8B7C6D5E4F3A2B1C0D9E8F7A6B5C4D3E2F1A01","0x4f3A2B1C0D9E8F7A6B5C4D3E2F1A06F6A6B6C6D6","ETH",7.8,0.0028,true,82
"2026-09-09T18:26:00.000Z","0x7c1058b022def0123456789abcdef0123456789abcdef0123456789abcdef01","Ethereum","0x9a8B7C6D5E4F3A2B1C0D9E8F7A6B5C4D3E2F1A01","0x4f3A2B1C0D9E8F7A6B5C4D3E2F1A06F6A6B6C6D6","ETH",8.6,0.0028,true,82
"2026-09-09T18:32:00.000Z","0x7c1059b030def0123456789abcdef0123456789abcdef0123456789abcdef01","Ethereum","0x9a8B7C6D5E4F3A2B1C0D9E8F7A6B5C4D3E2F1A01","0x3e2F1A07A6B5C4D3E2F1A07B7C7D7E7F7A7B7C7D","ETH",8.1,0.0028,true,82
"2026-09-09T18:42:00.000Z","0x7c1060b031def0123456789abcdef0123456789abcdef0123456789abcdef01","Ethereum","0x9a8B7C6D5E4F3A2B1C0D9E8F7A6B5C4D3E2F1A01","0x3e2F1A07A6B5C4D3E2F1A07B7C7D7E7F7A7B7C7D","ETH",8.9,0.0028,true,82
"2026-09-09T18:56:00.000Z","0x7c1061b032def0123456789abcdef0123456789abcdef0123456789abcdef01","Ethereum","0x9a8B7C6D5E4F3A2B1C0D9E8F7A6B5C4D3E2F1A01","0x3e2F1A07A6B5C4D3E2F1A07B7C7D7E7F7A7B7C7D","ETH",9.7,0.0028,true,82
"2026-09-09T19:02:00.000Z","0x7c1062b100def0123456789abcdef0123456789abcdef0123456789abcdef01","Ethereum","0x8b7C6D5E4F3A2B1C0D9E8F7A6B5C4D3E2F1A02B2","0x6d5E4F3A2B1C0D9E8F7A6B5C4D3E2F1A04D4E4F4","ETH",6.3,0.0028,true,82
"2026-09-09T19:12:00.000Z","0x7c1063b101def0123456789abcdef0123456789abcdef0123456789abcdef01","Ethereum","0x8b7C6D5E4F3A2B1C0D9E8F7A6B5C4D3E2F1A02B2","0x6d5E4F3A2B1C0D9E8F7A6B5C4D3E2F1A04D4E4F4","ETH",7.1,0.0028,true,82
"2026-09-09T19:26:00.000Z","0x7c1064b102def0123456789abcdef0123456789abcdef0123456789abcdef01","Ethereum","0x8b7C6D5E4F3A2B1C0D9E8F7A6B5C4D3E2F1A02B2","0x6d5E4F3A2B1C0D9E8F7A6B5C4D3E2F1A04D4E4F4","ETH",7.9,0.0028,true,82
"2026-09-09T19:32:00.000Z","0x7c1065b110def0123456789abcdef0123456789abcdef0123456789abcdef01","Ethereum","0x8b7C6D5E4F3A2B1C0D9E8F7A6B5C4D3E2F1A02B2","0x5e4F3A2B1C0D9E8F7A6B5C4D3E2F1A05E5F5A5B5","ETH",7.4,0.0028,true,82
"2026-09-09T19:42:00.000Z","0x7c1066b111def0123456789abcdef0123456789abcdef0123456789abcdef01","Ethereum","0x8b7C6D5E4F3A2B1C0D9E8F7A6B5C4D3E2F1A02B2","0x5e4F3A2B1C0D9E8F7A6B5C4D3E2F1A05E5F5A5B5","ETH",8.2,0.0028,true,82
"2026-09-09T19:56:00.000Z","0x7c1067b112def0123456789abcdef0123456789abcdef0123456789abcdef01","Ethereum","0x8b7C6D5E4F3A2B1C0D9E8F7A6B5C4D3E2F1A02B2","0x5e4F3A2B1C0D9E8F7A6B5C4D3E2F1A05E5F5A5B5","ETH",9,0.0028,true,82
"2026-09-09T20:02:00.000Z","0x7c1068b120def0123456789abcdef0123456789abcdef0123456789abcdef01","Ethereum","0x8b7C6D5E4F3A2B1C0D9E8F7A6B5C4D3E2F1A02B2","0x4f3A2B1C0D9E8F7A6B5C4D3E2F1A06F6A6B6C6D6","ETH",8.5,0.0028,true,82
"2026-09-09T20:12:00.000Z","0x7c1069b121def0123456789abcdef0123456789abcdef0123456789abcdef01","Ethereum","0x8b7C6D5E4F3A2B1C0D9E8F7A6B5C4D3E2F1A02B2","0x4f3A2B1C0D9E8F7A6B5C4D3E2F1A06F6A6B6C6D6","ETH",9.3,0.0028,true,82
"2026-09-09T20:26:00.000Z","0x7c1070b122def0123456789abcdef0123456789abcdef0123456789abcdef01","Ethereum","0x8b7C6D5E4F3A2B1C0D9E8F7A6B5C4D3E2F1A02B2","0x4f3A2B1C0D9E8F7A6B5C4D3E2F1A06F6A6B6C6D6","ETH",10.1,0.0028,true,82
"2026-09-09T20:32:00.000Z","0x7c1071b130def0123456789abcdef0123456789abcdef0123456789abcdef01","Ethereum","0x8b7C6D5E4F3A2B1C0D9E8F7A6B5C4D3E2F1A02B2","0x3e2F1A07A6B5C4D3E2F1A07B7C7D7E7F7A7B7C7D","ETH",9.6,0.0028,true,82
"2026-09-09T20:42:00.000Z","0x7c1072b131def0123456789abcdef0123456789abcdef0123456789abcdef01","Ethereum","0x8b7C6D5E4F3A2B1C0D9E8F7A6B5C4D3E2F1A02B2","0x3e2F1A07A6B5C4D3E2F1A07B7C7D7E7F7A7B7C7D","ETH",10.4,0.0028,true,82
"2026-09-09T20:56:00.000Z","0x7c1073b132def0123456789abcdef0123456789abcdef0123456789abcdef01","Ethereum","0x8b7C6D5E4F3A2B1C0D9E8F7A6B5C4D3E2F1A02B2","0x3e2F1A07A6B5C4D3E2F1A07B7C7D7E7F7A7B7C7D","ETH",11.2,0.0028,true,82
"2026-09-09T21:02:00.000Z","0x7c1074b200def0123456789abcdef0123456789abcdef0123456789abcdef01","Ethereum","0x7c6D5E4F3A2B1C0D9E8F7A6B5C4D3E2F1A03C3D3","0x6d5E4F3A2B1C0D9E8F7A6B5C4D3E2F1A04D4E4F4","ETH",7.8,0.0028,true,82
"2026-09-09T21:12:00.000Z","0x7c1075b201def0123456789abcdef0123456789abcdef0123456789abcdef01","Ethereum","0x7c6D5E4F3A2B1C0D9E8F7A6B5C4D3E2F1A03C3D3","0x6d5E4F3A2B1C0D9E8F7A6B5C4D3E2F1A04D4E4F4","ETH",8.6,0.0028,true,82
"2026-09-09T21:26:00.000Z","0x7c1076b202def0123456789abcdef0123456789abcdef0123456789abcdef01","Ethereum","0x7c6D5E4F3A2B1C0D9E8F7A6B5C4D3E2F1A03C3D3","0x6d5E4F3A2B1C0D9E8F7A6B5C4D3E2F1A04D4E4F4","ETH",9.4,0.0028,true,82
"2026-09-09T21:32:00.000Z","0x7c1077b210def0123456789abcdef0123456789abcdef0123456789abcdef01","Ethereum","0x7c6D5E4F3A2B1C0D9E8F7A6B5C4D3E2F1A03C3D3","0x5e4F3A2B1C0D9E8F7A6B5C4D3E2F1A05E5F5A5B5","ETH",8.9,0.0028,true,82
"2026-09-09T21:42:00.000Z","0x7c1078b211def0123456789abcdef0123456789abcdef0123456789abcdef01","Ethereum","0x7c6D5E4F3A2B1C0D9E8F7A6B5C4D3E2F1A03C3D3","0x5e4F3A2B1C0D9E8F7A6B5C4D3E2F1A05E5F5A5B5","ETH",9.7,0.0028,true,82
"2026-09-09T21:56:00.000Z","0x7c1079b212def0123456789abcdef0123456789abcdef0123456789abcdef01","Ethereum","0x7c6D5E4F3A2B1C0D9E8F7A6B5C4D3E2F1A03C3D3","0x5e4F3A2B1C0D9E8F7A6B5C4D3E2F1A05E5F5A5B5","ETH",10.5,0.0028,true,82
"2026-09-09T22:02:00.000Z","0x7c1080b220def0123456789abcdef0123456789abcdef0123456789abcdef01","Ethereum","0x7c6D5E4F3A2B1C0D9E8F7A6B5C4D3E2F1A03C3D3","0x4f3A2B1C0D9E8F7A6B5C4D3E2F1A06F6A6B6C6D6","ETH",10,0.0028,true,82
"2026-09-09T22:12:00.000Z","0x7c1081b221def0123456789abcdef0123456789abcdef0123456789abcdef01","Ethereum","0x7c6D5E4F3A2B1C0D9E8F7A6B5C4D3E2F1A03C3D3","0x4f3A2B1C0D9E8F7A6B5C4D3E2F1A06F6A6B6C6D6","ETH",10.8,0.0028,true,82
"2026-09-09T22:26:00.000Z","0x7c1082b222def0123456789abcdef0123456789abcdef0123456789abcdef01","Ethereum","0x7c6D5E4F3A2B1C0D9E8F7A6B5C4D3E2F1A03C3D3","0x4f3A2B1C0D9E8F7A6B5C4D3E2F1A06F6A6B6C6D6","ETH",11.6,0.0028,true,82
"2026-09-09T22:32:00.000Z","0x7c1083b230def0123456789abcdef0123456789abcdef0123456789abcdef01","Ethereum","0x7c6D5E4F3A2B1C0D9E8F7A6B5C4D3E2F1A03C3D3","0x3e2F1A07A6B5C4D3E2F1A07B7C7D7E7F7A7B7C7D","ETH",11.1,0.0028,true,82
"2026-09-09T22:42:00.000Z","0x7c1084b231def0123456789abcdef0123456789abcdef0123456789abcdef01","Ethereum","0x7c6D5E4F3A2B1C0D9E8F7A6B5C4D3E2F1A03C3D3","0x3e2F1A07A6B5C4D3E2F1A07B7C7D7E7F7A7B7C7D","ETH",11.9,0.0028,true,82
"2026-09-09T22:56:00.000Z","0x7c1085b232def0123456789abcdef0123456789abcdef0123456789abcdef01","Ethereum","0x7c6D5E4F3A2B1C0D9E8F7A6B5C4D3E2F1A03C3D3","0x3e2F1A07A6B5C4D3E2F1A07B7C7D7E7F7A7B7C7D","ETH",12.7,0.0028,true,82
"2026-09-09T23:08:00.000Z","0x6d1086m000112233445566778899aabbccddeeff00112233445566778899aabbccdd","Ethereum","0x6d5E4F3A2B1C0D9E8F7A6B5C4D3E2F1A04D4E4F4","0x8888888888882e3b2e3b2e3b2e3b2e3b2e3b2e3b","ETH",12.4,0.0055,true,96
"2026-09-09T23:16:00.000Z","0x5e1087b0112233445566778899aabbccddeeff00112233445566778899aabbccddee","Ethereum","0x6d5E4F3A2B1C0D9E8F7A6B5C4D3E2F1A04D4E4F4","0x40ec5b33f54e08337052b7eee04b23333addf4e1","ETH",18.6,0.0049,true,76
"2026-09-09T23:30:00.000Z","0x4f1088x02233445566778899aabbccddeeff00112233445566778899aabbccddeeff","Ethereum","0x6d5E4F3A2B1C0D9E8F7A6B5C4D3E2F1A04D4E4F4","0x1111111254fb6c44bac0bed2854e76f90643097d","ETH",9.2,0.0031,false,35
"2026-09-09T23:40:00.000Z","0x3a1089y033445566778899aabbccddeeff00112233445566778899aabbccddeeff00","Ethereum","0x6d5E4F3A2B1C0D9E8F7A6B5C4D3E2F1A04D4E4F4","0xdac17f958d2ee523a2206206994597c13d831ec7","USDT",7.8,0.0025,false,30
"2026-09-09T23:52:00.000Z","0x6d1090m100112233445566778899aabbccddeeff00112233445566778899aabbccdd","Ethereum","0x5e4F3A2B1C0D9E8F7A6B5C4D3E2F1A05E5F5A5B5","0x8888888888882e3b2e3b2e3b2e3b2e3b2e3b2e3b","ETH",14.9,0.0055,true,96
"2026-09-10T00:00:00.000Z","0x5e1091b1112233445566778899aabbccddeeff00112233445566778899aabbccddee","Ethereum","0x5e4F3A2B1C0D9E8F7A6B5C4D3E2F1A05E5F5A5B5","0x40ec5b33f54e08337052b7eee04b23333addf4e1","ETH",21.7,0.0049,true,76
"2026-09-10T00:14:00.000Z","0x4f1092x12233445566778899aabbccddeeff00112233445566778899aabbccddeeff","Ethereum","0x5e4F3A2B1C0D9E8F7A6B5C4D3E2F1A05E5F5A5B5","0x1111111254fb6c44bac0bed2854e76f90643097d","ETH",11,0.0031,false,35
"2026-09-10T00:24:00.000Z","0x3a1093y133445566778899aabbccddeeff00112233445566778899aabbccddeeff00","Ethereum","0x5e4F3A2B1C0D9E8F7A6B5C4D3E2F1A05E5F5A5B5","0xdac17f958d2ee523a2206206994597c13d831ec7","USDT",9.2,0.0025,false,30
"2026-09-10T00:36:00.000Z","0x6d1094m200112233445566778899aabbccddeeff00112233445566778899aabbccdd","Ethereum","0x4f3A2B1C0D9E8F7A6B5C4D3E2F1A06F6A6B6C6D6","0x8888888888882e3b2e3b2e3b2e3b2e3b2e3b2e3b","ETH",17.4,0.0055,true,96
"2026-09-10T00:44:00.000Z","0x5e1095b2112233445566778899aabbccddeeff00112233445566778899aabbccddee","Ethereum","0x4f3A2B1C0D9E8F7A6B5C4D3E2F1A06F6A6B6C6D6","0x40ec5b33f54e08337052b7eee04b23333addf4e1","ETH",24.8,0.0049,true,76
"2026-09-10T00:58:00.000Z","0x4f1096x22233445566778899aabbccddeeff00112233445566778899aabbccddeeff","Ethereum","0x4f3A2B1C0D9E8F7A6B5C4D3E2F1A06F6A6B6C6D6","0x1111111254fb6c44bac0bed2854e76f90643097d","ETH",12.8,0.0031,false,35
"2026-09-10T01:08:00.000Z","0x3a1097y233445566778899aabbccddeeff00112233445566778899aabbccddeeff00","Ethereum","0x4f3A2B1C0D9E8F7A6B5C4D3E2F1A06F6A6B6C6D6","0xdac17f958d2ee523a2206206994597c13d831ec7","USDT",10.6,0.0025,false,30
"2026-09-10T01:20:00.000Z","0x6d1098m300112233445566778899aabbccddeeff00112233445566778899aabbccdd","Ethereum","0x3e2F1A07A6B5C4D3E2F1A07B7C7D7E7F7A7B7C7D","0x8888888888882e3b2e3b2e3b2e3b2e3b2e3b2e3b","ETH",19.9,0.0055,true,96
"2026-09-10T01:28:00.000Z","0x5e1099b3112233445566778899aabbccddeeff00112233445566778899aabbccddee","Ethereum","0x3e2F1A07A6B5C4D3E2F1A07B7C7D7E7F7A7B7C7D","0x40ec5b33f54e08337052b7eee04b23333addf4e1","ETH",27.9,0.0049,true,76
"2026-09-10T01:42:00.000Z","0x4f1100x32233445566778899aabbccddeeff00112233445566778899aabbccddeeff","Ethereum","0x3e2F1A07A6B5C4D3E2F1A07B7C7D7E7F7A7B7C7D","0x1111111254fb6c44bac0bed2854e76f90643097d","ETH",14.6,0.0031,false,35
"2026-09-10T01:52:00.000Z","0x3a1101y333445566778899aabbccddeeff00112233445566778899aabbccddeeff00","Ethereum","0x3e2F1A07A6B5C4D3E2F1A07B7C7D7E7F7A7B7C7D","0xdac17f958d2ee523a2206206994597c13d831ec7","USDT",12,0.0025,false,30
"2026-09-10T02:12:00.000Z","0xpoly11020aabbccddee112233445566778899aabbccddeeff00112233445566778899","Polygon","0x40ec5b33f54e08337052b7eee04b23333addf4e1","0x8F3a29B917E0c1a96752047814c8E48a91A2dD01_POLY","MATIC",15.4,0.015,true,65
"2026-09-10T02:32:00.000Z","0xpoly11031aabbccddee112233445566778899aabbccddeeff00112233445566778899","Polygon","0x40ec5b33f54e08337052b7eee04b23333addf4e1","0xpolyDestA1B2C3D4E5F67890123456789012345678","MATIC",19.6,0.015,true,65
"2026-09-10T02:52:00.000Z","0xpoly11042aabbccddee112233445566778899aabbccddeeff00112233445566778899","Polygon","0x40ec5b33f54e08337052b7eee04b23333addf4e1","0xpolyDestB2C3D4E5F6789012345678901234567890","MATIC",23.8,0.015,true,65
"2026-09-10T03:22:00.000Z","0xcirc110501aabbccddeeff00112233445566778899aabbccddeeff00112233445566","Ethereum","0x6d5E4F3A2B1C0D9E8F7A6B5C4D3E2F1A04D4E4F4","DEMO_WALLET_001","ETH",1.25,0.003,true,84
"2026-09-10T03:32:00.000Z","0xnorm11060aabbccddeeff00112233445566778899aabbccddeeff0011223344556677","Polygon","0xBenignUserA1010101010101010101010101010101","0xBenignUserB2020202020202020202020202020202","USDT",0.5,0.0018,false,10
"2026-09-10T03:43:00.000Z","0xnorm11071aabbccddeeff00112233445566778899aabbccddeeff0011223344556677","Ethereum","0xBenignUserB2020202020202020202020202020202","0xBenignUserC3030303030303030303030303030303","ETH",0.65,0.0018,false,10
"2026-09-10T03:55:00.000Z","0xnorm11082aabbccddeeff00112233445566778899aabbccddeeff0011223344556677","Ethereum","0xBenignUserC3030303030303030303030303030303","0xBenignMerchantD40404040404040404040404040404","ETH",0.8,0.0018,false,10
"2026-09-10T04:08:00.000Z","0xnorm11093aabbccddeeff00112233445566778899aabbccddeeff0011223344556677","Ethereum","0xBenignMerchantD40404040404040404040404040404","0xBenignVaultE5050505050505050505050505050505","USDT",0.95,0.0018,false,10
"2026-09-10T04:22:00.000Z","0xnorm11104aabbccddeeff00112233445566778899aabbccddeeff0011223344556677","Ethereum","0xBenignVaultE5050505050505050505050505050505","0xBenignUserA1010101010101010101010101010101","ETH",1.1,0.0018,false,10
"2026-09-10T04:37:00.000Z","0xnorm11115aabbccddeeff00112233445566778899aabbccddeeff0011223344556677","Polygon","0xBenignUserA1010101010101010101010101010101","0xBenignUserB2020202020202020202020202020202","ETH",1.25,0.0018,false,10
"2026-09-10T04:53:00.000Z","0xnorm11126aabbccddeeff00112233445566778899aabbccddeeff0011223344556677","Ethereum","0xBenignUserB2020202020202020202020202020202","0xBenignUserC3030303030303030303030303030303","USDT",1.4,0.0018,false,10
"2026-09-10T05:10:00.000Z","0xnorm11137aabbccddeeff00112233445566778899aabbccddeeff0011223344556677","Bitcoin","0xBenignUserC3030303030303030303030303030303","0xBenignMerchantD40404040404040404040404040404","ETH",1.55,0.0018,false,10
"2026-09-10T05:28:00.000Z","0xnorm11148aabbccddeeff00112233445566778899aabbccddeeff0011223344556677","Ethereum","0xBenignMerchantD40404040404040404040404040404","0xBenignVaultE5050505050505050505050505050505","ETH",1.7,0.0018,false,10
"2026-09-10T05:47:00.000Z","0xnorm11159aabbccddeeff00112233445566778899aabbccddeeff0011223344556677","Ethereum","0xBenignVaultE5050505050505050505050505050505","0xBenignUserA1010101010101010101010101010101","USDT",1.85,0.0018,false,10
"2026-09-10T06:07:00.000Z","0xnorm111610aabbccddeeff00112233445566778899aabbccddeeff0011223344556677","Polygon","0xBenignUserA1010101010101010101010101010101","0xBenignUserB2020202020202020202020202020202","ETH",2,0.0018,false,10
"2026-09-10T06:28:00.000Z","0xnorm111711aabbccddeeff00112233445566778899aabbccddeeff0011223344556677","Ethereum","0xBenignUserB2020202020202020202020202020202","0xBenignUserC3030303030303030303030303030303","ETH",2.15,0.0018,false,10
"2026-09-10T06:50:00.000Z","0xnorm111812aabbccddeeff00112233445566778899aabbccddeeff0011223344556677","Ethereum","0xBenignUserC3030303030303030303030303030303","0xBenignMerchantD40404040404040404040404040404","USDT",2.3,0.0018,false,10
"2026-09-10T07:13:00.000Z","0xnorm111913aabbccddeeff00112233445566778899aabbccddeeff0011223344556677","Ethereum","0xBenignMerchantD40404040404040404040404040404","0xBenignVaultE5050505050505050505050505050505","ETH",2.45,0.0018,false,10
"2026-09-10T07:37:00.000Z","0xnorm112014aabbccddeeff00112233445566778899aabbccddeeff0011223344556677","Bitcoin","0xBenignVaultE5050505050505050505050505050505","0xBenignUserA1010101010101010101010101010101","ETH",2.6,0.0018,false,10
"2026-09-10T08:02:00.000Z","0xnorm112115aabbccddeeff00112233445566778899aabbccddeeff0011223344556677","Polygon","0xBenignUserA1010101010101010101010101010101","0xBenignUserB2020202020202020202020202020202","USDT",2.75,0.0018,false,10
"2026-09-10T08:28:00.000Z","0xnorm112216aabbccddeeff00112233445566778899aabbccddeeff0011223344556677","Ethereum","0xBenignUserB2020202020202020202020202020202","0xBenignUserC3030303030303030303030303030303","ETH",2.9,0.0018,false,10
"2026-09-10T08:55:00.000Z","0xnorm112317aabbccddeeff00112233445566778899aabbccddeeff0011223344556677","Ethereum","0xBenignUserC3030303030303030303030303030303","0xBenignMerchantD40404040404040404040404040404","ETH",3.05,0.0018,false,10
"2026-09-10T09:23:00.000Z","0xnorm112418aabbccddeeff00112233445566778899aabbccddeeff0011223344556677","Ethereum","0xBenignMerchantD40404040404040404040404040404","0xBenignVaultE5050505050505050505050505050505","USDT",3.2,0.0018,false,10
"2026-09-10T09:52:00.000Z","0xnorm112519aabbccddeeff00112233445566778899aabbccddeeff0011223344556677","Ethereum","0xBenignVaultE5050505050505050505050505050505","0xBenignUserA1010101010101010101010101010101","ETH",3.35,0.0018,false,10
"2026-09-10T10:22:00.000Z","0xnorm112620aabbccddeeff00112233445566778899aabbccddeeff0011223344556677","Polygon","0xBenignUserA1010101010101010101010101010101","0xBenignUserB2020202020202020202020202020202","ETH",3.5,0.0018,false,10
"2026-09-10T10:53:00.000Z","0xnorm112721aabbccddeeff00112233445566778899aabbccddeeff0011223344556677","Bitcoin","0xBenignUserB2020202020202020202020202020202","0xBenignUserC3030303030303030303030303030303","USDT",3.65,0.0018,false,10
"2026-09-10T11:25:00.000Z","0xnorm112822aabbccddeeff00112233445566778899aabbccddeeff0011223344556677","Ethereum","0xBenignUserC3030303030303030303030303030303","0xBenignMerchantD40404040404040404040404040404","ETH",3.8,0.0018,false,10
"2026-09-10T11:58:00.000Z","0xnorm112923aabbccddeeff00112233445566778899aabbccddeeff0011223344556677","Ethereum","0xBenignMerchantD40404040404040404040404040404","0xBenignVaultE5050505050505050505050505050505","ETH",3.95,0.0018,false,10
"2026-09-10T12:32:00.000Z","0xnorm113024aabbccddeeff00112233445566778899aabbccddeeff0011223344556677","Ethereum","0xBenignVaultE5050505050505050505050505050505","0xBenignUserA1010101010101010101010101010101","USDT",4.1,0.0018,false,10
"2026-09-10T12:42:00.000Z","0xnorm113125aabbccddeeff00112233445566778899aabbccddeeff0011223344556677","Polygon","0xBenignUserA1010101010101010101010101010101","0xBenignUserB2020202020202020202020202020202","ETH",4.25,0.0018,false,10
"2026-09-10T12:53:00.000Z","0xnorm113226aabbccddeeff00112233445566778899aabbccddeeff0011223344556677","Ethereum","0xBenignUserB2020202020202020202020202020202","0xBenignUserC3030303030303030303030303030303","ETH",4.4,0.0018,false,10
"2026-09-10T13:05:00.000Z","0xnorm113327aabbccddeeff00112233445566778899aabbccddeeff0011223344556677","Ethereum","0xBenignUserC3030303030303030303030303030303","0xBenignMerchantD40404040404040404040404040404","USDT",4.55,0.0018,false,10
"2026-09-10T13:18:00.000Z","0xnorm113428aabbccddeeff00112233445566778899aabbccddeeff0011223344556677","Bitcoin","0xBenignMerchantD40404040404040404040404040404","0xBenignVaultE5050505050505050505050505050505","ETH",4.7,0.0018,false,10
"2026-09-10T13:32:00.000Z","0xnorm113529aabbccddeeff00112233445566778899aabbccddeeff0011223344556677","Ethereum","0xBenignVaultE5050505050505050505050505050505","0xBenignUserA1010101010101010101010101010101","ETH",4.85,0.0018,false,10
"2026-09-10T13:47:00.000Z","0xnorm113630aabbccddeeff00112233445566778899aabbccddeeff0011223344556677","Polygon","0xBenignUserA1010101010101010101010101010101","0xBenignUserB2020202020202020202020202020202","USDT",5,0.0018,false,10
"2026-09-10T14:03:00.000Z","0xnorm113731aabbccddeeff00112233445566778899aabbccddeeff0011223344556677","Ethereum","0xBenignUserB2020202020202020202020202020202","0xBenignUserC3030303030303030303030303030303","ETH",5.15,0.0018,false,10
"2026-09-10T14:20:00.000Z","0xnorm113832aabbccddeeff00112233445566778899aabbccddeeff0011223344556677","Ethereum","0xBenignUserC3030303030303030303030303030303","0xBenignMerchantD40404040404040404040404040404","ETH",5.3,0.0018,false,10
"2026-09-10T14:38:00.000Z","0xnorm113933aabbccddeeff00112233445566778899aabbccddeeff0011223344556677","Ethereum","0xBenignMerchantD40404040404040404040404040404","0xBenignVaultE5050505050505050505050505050505","USDT",5.45,0.0018,false,10
"2026-09-10T14:57:00.000Z","0xnorm114034aabbccddeeff00112233445566778899aabbccddeeff0011223344556677","Ethereum","0xBenignVaultE5050505050505050505050505050505","0xBenignUserA1010101010101010101010101010101","ETH",5.6,0.0018,false,10
"2026-09-10T15:17:00.000Z","0xnorm114135aabbccddeeff00112233445566778899aabbccddeeff0011223344556677","Polygon","0xBenignUserA1010101010101010101010101010101","0xBenignUserB2020202020202020202020202020202","ETH",5.75,0.0018,false,10
"2026-09-10T15:38:00.000Z","0xnorm114236aabbccddeeff00112233445566778899aabbccddeeff0011223344556677","Ethereum","0xBenignUserB2020202020202020202020202020202","0xBenignUserC3030303030303030303030303030303","USDT",5.9,0.0018,false,10
"2026-09-10T16:00:00.000Z","0xnorm114337aabbccddeeff00112233445566778899aabbccddeeff0011223344556677","Ethereum","0xBenignUserC3030303030303030303030303030303","0xBenignMerchantD40404040404040404040404040404","ETH",6.05,0.0018,false,10
"2026-09-10T16:23:00.000Z","0xnorm114438aabbccddeeff00112233445566778899aabbccddeeff0011223344556677","Ethereum","0xBenignMerchantD40404040404040404040404040404","0xBenignVaultE5050505050505050505050505050505","ETH",6.2,0.0018,false,10
"2026-09-10T16:47:00.000Z","0xnorm114539aabbccddeeff00112233445566778899aabbccddeeff0011223344556677","Ethereum","0xBenignVaultE5050505050505050505050505050505","0xBenignUserA1010101010101010101010101010101","USDT",6.35,0.0018,false,10
"2026-09-10T17:12:00.000Z","0xnorm114640aabbccddeeff00112233445566778899aabbccddeeff0011223344556677","Polygon","0xBenignUserA1010101010101010101010101010101","0xBenignUserB2020202020202020202020202020202","ETH",6.5,0.0018,false,10
"2026-09-10T17:38:00.000Z","0xnorm114741aabbccddeeff00112233445566778899aabbccddeeff0011223344556677","Ethereum","0xBenignUserB2020202020202020202020202020202","0xBenignUserC3030303030303030303030303030303","ETH",6.65,0.0018,false,10
"2026-09-10T18:05:00.000Z","0xnorm114842aabbccddeeff00112233445566778899aabbccddeeff0011223344556677","Bitcoin","0xBenignUserC3030303030303030303030303030303","0xBenignMerchantD40404040404040404040404040404","USDT",6.8,0.0018,false,10
"2026-09-10T18:33:00.000Z","0xnorm114943aabbccddeeff00112233445566778899aabbccddeeff0011223344556677","Ethereum","0xBenignMerchantD40404040404040404040404040404","0xBenignVaultE5050505050505050505050505050505","ETH",6.95,0.0018,false,10
"2026-09-10T19:02:00.000Z","0xnorm115044aabbccddeeff00112233445566778899aabbccddeeff0011223344556677","Ethereum","0xBenignVaultE5050505050505050505050505050505","0xBenignUserA1010101010101010101010101010101","ETH",7.1,0.0018,false,10
"2026-09-10T19:32:00.000Z","0xnorm115145aabbccddeeff00112233445566778899aabbccddeeff0011223344556677","Polygon","0xBenignUserA1010101010101010101010101010101","0xBenignUserB2020202020202020202020202020202","USDT",7.25,0.0018,false,10
"2026-09-10T20:03:00.000Z","0xnorm115246aabbccddeeff00112233445566778899aabbccddeeff0011223344556677","Ethereum","0xBenignUserB2020202020202020202020202020202","0xBenignUserC3030303030303030303030303030303","ETH",7.4,0.0018,false,10
"2026-09-10T20:35:00.000Z","0xnorm115347aabbccddeeff00112233445566778899aabbccddeeff0011223344556677","Ethereum","0xBenignUserC3030303030303030303030303030303","0xBenignMerchantD40404040404040404040404040404","ETH",7.55,0.0018,false,10
"2026-09-10T21:08:00.000Z","0xnorm115448aabbccddeeff00112233445566778899aabbccddeeff0011223344556677","Ethereum","0xBenignMerchantD40404040404040404040404040404","0xBenignVaultE5050505050505050505050505050505","USDT",7.7,0.0018,false,10
"2026-09-10T21:42:00.000Z","0xnorm115549aabbccddeeff00112233445566778899aabbccddeeff0011223344556677","Bitcoin","0xBenignVaultE5050505050505050505050505050505","0xBenignUserA1010101010101010101010101010101","ETH",7.85,0.0018,false,10
"2026-09-10T21:52:00.000Z","0xnorm115650aabbccddeeff00112233445566778899aabbccddeeff0011223344556677","Polygon","0xBenignUserA1010101010101010101010101010101","0xBenignUserB2020202020202020202020202020202","ETH",8,0.0018,false,10
"2026-09-10T22:03:00.000Z","0xnorm115751aabbccddeeff00112233445566778899aabbccddeeff0011223344556677","Ethereum","0xBenignUserB2020202020202020202020202020202","0xBenignUserC3030303030303030303030303030303","USDT",8.15,0.0018,false,10
"2026-09-10T22:15:00.000Z","0xnorm115852aabbccddeeff00112233445566778899aabbccddeeff0011223344556677","Ethereum","0xBenignUserC3030303030303030303030303030303","0xBenignMerchantD40404040404040404040404040404","ETH",8.3,0.0018,false,10
"2026-09-10T22:28:00.000Z","0xnorm115953aabbccddeeff00112233445566778899aabbccddeeff0011223344556677","Ethereum","0xBenignMerchantD40404040404040404040404040404","0xBenignVaultE5050505050505050505050505050505","ETH",8.45,0.0018,false,10
"2026-09-10T22:42:00.000Z","0xnorm116054aabbccddeeff00112233445566778899aabbccddeeff0011223344556677","Ethereum","0xBenignVaultE5050505050505050505050505050505","0xBenignUserA1010101010101010101010101010101","USDT",8.6,0.0018,false,10
"2026-09-10T22:57:00.000Z","0xnorm116155aabbccddeeff00112233445566778899aabbccddeeff0011223344556677","Polygon","0xBenignUserA1010101010101010101010101010101","0xBenignUserB2020202020202020202020202020202","ETH",8.75,0.0018,false,10
"2026-09-10T23:13:00.000Z","0xnorm116256aabbccddeeff00112233445566778899aabbccddeeff0011223344556677","Bitcoin","0xBenignUserB2020202020202020202020202020202","0xBenignUserC3030303030303030303030303030303","ETH",8.9,0.0018,false,10
"2026-09-10T23:30:00.000Z","0xnorm116357aabbccddeeff00112233445566778899aabbccddeeff0011223344556677","Ethereum","0xBenignUserC3030303030303030303030303030303","0xBenignMerchantD40404040404040404040404040404","USDT",9.05,0.0018,false,10
"2026-09-10T23:48:00.000Z","0xnorm116458aabbccddeeff00112233445566778899aabbccddeeff0011223344556677","Ethereum","0xBenignMerchantD40404040404040404040404040404","0xBenignVaultE5050505050505050505050505050505","ETH",9.2,0.0018,false,10
"2026-09-11T00:07:00.000Z","0xnorm116559aabbccddeeff00112233445566778899aabbccddeeff0011223344556677","Ethereum","0xBenignVaultE5050505050505050505050505050505","0xBenignUserA1010101010101010101010101010101","ETH",9.35,0.0018,false,10
"2026-09-11T00:27:00.000Z","0xnorm116660aabbccddeeff00112233445566778899aabbccddeeff0011223344556677","Polygon","0xBenignUserA1010101010101010101010101010101","0xBenignUserB2020202020202020202020202020202","USDT",9.5,0.0018,false,10
"2026-09-11T00:48:00.000Z","0xnorm116761aabbccddeeff00112233445566778899aabbccddeeff0011223344556677","Ethereum","0xBenignUserB2020202020202020202020202020202","0xBenignUserC3030303030303030303030303030303","ETH",9.65,0.0018,false,10
"2026-09-11T01:10:00.000Z","0xnorm116862aabbccddeeff00112233445566778899aabbccddeeff0011223344556677","Ethereum","0xBenignUserC3030303030303030303030303030303","0xBenignMerchantD40404040404040404040404040404","ETH",9.8,0.0018,false,10
"2026-09-11T01:33:00.000Z","0xnorm116963aabbccddeeff00112233445566778899aabbccddeeff0011223344556677","Bitcoin","0xBenignMerchantD40404040404040404040404040404","0xBenignVaultE5050505050505050505050505050505","USDT",9.95,0.0018,false,10
"2026-09-11T01:57:00.000Z","0xnorm117064aabbccddeeff00112233445566778899aabbccddeeff0011223344556677","Ethereum","0xBenignVaultE5050505050505050505050505050505","0xBenignUserA1010101010101010101010101010101","ETH",10.1,0.0018,false,10
"2026-09-11T02:22:00.000Z","0xnorm117165aabbccddeeff00112233445566778899aabbccddeeff0011223344556677","Polygon","0xBenignUserA1010101010101010101010101010101","0xBenignUserB2020202020202020202020202020202","ETH",10.25,0.0018,false,10
"2026-09-11T02:48:00.000Z","0xnorm117266aabbccddeeff00112233445566778899aabbccddeeff0011223344556677","Ethereum","0xBenignUserB2020202020202020202020202020202","0xBenignUserC3030303030303030303030303030303","USDT",10.4,0.0018,false,10
"2026-09-11T03:15:00.000Z","0xnorm117367aabbccddeeff00112233445566778899aabbccddeeff0011223344556677","Ethereum","0xBenignUserC3030303030303030303030303030303","0xBenignMerchantD40404040404040404040404040404","ETH",0.55,0.0018,false,10
"2026-09-11T03:43:00.000Z","0xnorm117468aabbccddeeff00112233445566778899aabbccddeeff0011223344556677","Ethereum","0xBenignMerchantD40404040404040404040404040404","0xBenignVaultE5050505050505050505050505050505","ETH",0.7,0.0018,false,10
"2026-09-11T04:12:00.000Z","0xnorm117569aabbccddeeff00112233445566778899aabbccddeeff0011223344556677","Ethereum","0xBenignVaultE5050505050505050505050505050505","0xBenignUserA1010101010101010101010101010101","USDT",0.85,0.0018,false,10
"2026-09-11T04:42:00.000Z","0xnorm117670aabbccddeeff00112233445566778899aabbccddeeff0011223344556677","Polygon","0xBenignUserA1010101010101010101010101010101","0xBenignUserB2020202020202020202020202020202","ETH",1,0.0018,false,10
"2026-09-11T05:13:00.000Z","0xnorm117771aabbccddeeff00112233445566778899aabbccddeeff0011223344556677","Ethereum","0xBenignUserB2020202020202020202020202020202","0xBenignUserC3030303030303030303030303030303","ETH",1.15,0.0018,false,10
"2026-09-11T05:45:00.000Z","0xnorm117872aabbccddeeff00112233445566778899aabbccddeeff0011223344556677","Ethereum","0xBenignUserC3030303030303030303030303030303","0xBenignMerchantD40404040404040404040404040404","USDT",1.3,0.0018,false,10
"2026-09-11T06:18:00.000Z","0xnorm117973aabbccddeeff00112233445566778899aabbccddeeff0011223344556677","Ethereum","0xBenignMerchantD40404040404040404040404040404","0xBenignVaultE5050505050505050505050505050505","ETH",1.45,0.0018,false,10
"2026-09-11T06:52:00.000Z","0xnorm118074aabbccddeeff00112233445566778899aabbccddeeff0011223344556677","Ethereum","0xBenignVaultE5050505050505050505050505050505","0xBenignUserA1010101010101010101010101010101","ETH",1.6,0.0018,false,10
"2026-09-11T07:02:00.000Z","0xnorm118175aabbccddeeff00112233445566778899aabbccddeeff0011223344556677","Polygon","0xBenignUserA1010101010101010101010101010101","0xBenignUserB2020202020202020202020202020202","USDT",1.75,0.0018,false,10
"2026-09-11T07:13:00.000Z","0xnorm118276aabbccddeeff00112233445566778899aabbccddeeff0011223344556677","Ethereum","0xBenignUserB2020202020202020202020202020202","0xBenignUserC3030303030303030303030303030303","ETH",1.9,0.0018,false,10
"2026-09-11T07:25:00.000Z","0xnorm118377aabbccddeeff00112233445566778899aabbccddeeff0011223344556677","Bitcoin","0xBenignUserC3030303030303030303030303030303","0xBenignMerchantD40404040404040404040404040404","ETH",2.05,0.0018,false,10
"2026-09-11T07:38:00.000Z","0xnorm118478aabbccddeeff00112233445566778899aabbccddeeff0011223344556677","Ethereum","0xBenignMerchantD40404040404040404040404040404","0xBenignVaultE5050505050505050505050505050505","USDT",2.2,0.0018,false,10
"2026-09-11T07:52:00.000Z","0xnorm118579aabbccddeeff00112233445566778899aabbccddeeff0011223344556677","Ethereum","0xBenignVaultE5050505050505050505050505050505","0xBenignUserA1010101010101010101010101010101","ETH",2.35,0.0018,false,10
"2026-09-11T08:07:00.000Z","0xnorm118680aabbccddeeff00112233445566778899aabbccddeeff0011223344556677","Polygon","0xBenignUserA1010101010101010101010101010101","0xBenignUserB2020202020202020202020202020202","ETH",2.5,0.0018,false,10
"2026-09-11T08:23:00.000Z","0xnorm118781aabbccddeeff00112233445566778899aabbccddeeff0011223344556677","Ethereum","0xBenignUserB2020202020202020202020202020202","0xBenignUserC3030303030303030303030303030303","USDT",2.65,0.0018,false,10
"2026-09-11T08:40:00.000Z","0xnorm118882aabbccddeeff00112233445566778899aabbccddeeff0011223344556677","Ethereum","0xBenignUserC3030303030303030303030303030303","0xBenignMerchantD40404040404040404040404040404","ETH",2.8,0.0018,false,10
"2026-09-11T08:58:00.000Z","0xnorm118983aabbccddeeff00112233445566778899aabbccddeeff0011223344556677","Ethereum","0xBenignMerchantD40404040404040404040404040404","0xBenignVaultE5050505050505050505050505050505","ETH",2.95,0.0018,false,10
"2026-09-11T09:17:00.000Z","0xnorm119084aabbccddeeff00112233445566778899aabbccddeeff0011223344556677","Bitcoin","0xBenignVaultE5050505050505050505050505050505","0xBenignUserA1010101010101010101010101010101","USDT",3.1,0.0018,false,10
"2026-09-11T09:37:00.000Z","0xnorm119185aabbccddeeff00112233445566778899aabbccddeeff0011223344556677","Polygon","0xBenignUserA1010101010101010101010101010101","0xBenignUserB2020202020202020202020202020202","ETH",3.25,0.0018,false,10
"2026-09-11T09:58:00.000Z","0xnorm119286aabbccddeeff00112233445566778899aabbccddeeff0011223344556677","Ethereum","0xBenignUserB2020202020202020202020202020202","0xBenignUserC3030303030303030303030303030303","ETH",3.4,0.0018,false,10
"2026-09-11T10:20:00.000Z","0xnorm119387aabbccddeeff00112233445566778899aabbccddeeff0011223344556677","Ethereum","0xBenignUserC3030303030303030303030303030303","0xBenignMerchantD40404040404040404040404040404","USDT",3.55,0.0018,false,10
"2026-09-11T10:43:00.000Z","0xnorm119488aabbccddeeff00112233445566778899aabbccddeeff0011223344556677","Ethereum","0xBenignMerchantD40404040404040404040404040404","0xBenignVaultE5050505050505050505050505050505","ETH",3.7,0.0018,false,10
"2026-09-11T11:07:00.000Z","0xnorm119589aabbccddeeff00112233445566778899aabbccddeeff0011223344556677","Ethereum","0xBenignVaultE5050505050505050505050505050505","0xBenignUserA1010101010101010101010101010101","ETH",3.85,0.0018,false,10
"2026-09-11T11:32:00.000Z","0xnorm119690aabbccddeeff00112233445566778899aabbccddeeff0011223344556677","Polygon","0xBenignUserA1010101010101010101010101010101","0xBenignUserB2020202020202020202020202020202","USDT",4,0.0018,false,10
"2026-09-11T11:58:00.000Z","0xnorm119791aabbccddeeff00112233445566778899aabbccddeeff0011223344556677","Bitcoin","0xBenignUserB2020202020202020202020202020202","0xBenignUserC3030303030303030303030303030303","ETH",4.15,0.0018,false,10
"2026-09-11T12:25:00.000Z","0xnorm119892aabbccddeeff00112233445566778899aabbccddeeff0011223344556677","Ethereum","0xBenignUserC3030303030303030303030303030303","0xBenignMerchantD40404040404040404040404040404","ETH",4.3,0.0018,false,10
"2026-09-11T12:53:00.000Z","0xnorm119993aabbccddeeff00112233445566778899aabbccddeeff0011223344556677","Ethereum","0xBenignMerchantD40404040404040404040404040404","0xBenignVaultE5050505050505050505050505050505","USDT",4.45,0.0018,false,10
"2026-09-11T13:22:00.000Z","0xnorm120094aabbccddeeff00112233445566778899aabbccddeeff0011223344556677","Ethereum","0xBenignVaultE5050505050505050505050505050505","0xBenignUserA1010101010101010101010101010101","ETH",4.6,0.0018,false,10
"2026-09-11T13:52:00.000Z","0xnorm120195aabbccddeeff00112233445566778899aabbccddeeff0011223344556677","Polygon","0xBenignUserA1010101010101010101010101010101","0xBenignUserB2020202020202020202020202020202","ETH",4.75,0.0018,false,10
"2026-09-11T14:23:00.000Z","0xnorm120296aabbccddeeff00112233445566778899aabbccddeeff0011223344556677","Ethereum","0xBenignUserB2020202020202020202020202020202","0xBenignUserC3030303030303030303030303030303","USDT",4.9,0.0018,false,10
"2026-09-11T14:55:00.000Z","0xnorm120397aabbccddeeff00112233445566778899aabbccddeeff0011223344556677","Ethereum","0xBenignUserC3030303030303030303030303030303","0xBenignMerchantD40404040404040404040404040404","ETH",5.05,0.0018,false,10
"2026-09-11T15:28:00.000Z","0xnorm120498aabbccddeeff00112233445566778899aabbccddeeff0011223344556677","Bitcoin","0xBenignMerchantD40404040404040404040404040404","0xBenignVaultE5050505050505050505050505050505","ETH",5.2,0.0018,false,10
"2026-09-11T16:02:00.000Z","0xnorm120599aabbccddeeff00112233445566778899aabbccddeeff0011223344556677","Ethereum","0xBenignVaultE5050505050505050505050505050505","0xBenignUserA1010101010101010101010101010101","USDT",5.35,0.0018,false,10
"2026-09-11T16:12:00.000Z","0xnorm1206100aabbccddeeff00112233445566778899aabbccddeeff0011223344556677","Polygon","0xBenignUserA1010101010101010101010101010101","0xBenignUserB2020202020202020202020202020202","ETH",5.5,0.0018,false,10
"2026-09-11T16:23:00.000Z","0xnorm1207101aabbccddeeff00112233445566778899aabbccddeeff0011223344556677","Ethereum","0xBenignUserB2020202020202020202020202020202","0xBenignUserC3030303030303030303030303030303","ETH",5.65,0.0018,false,10
"2026-09-11T16:35:00.000Z","0xnorm1208102aabbccddeeff00112233445566778899aabbccddeeff0011223344556677","Ethereum","0xBenignUserC3030303030303030303030303030303","0xBenignMerchantD40404040404040404040404040404","USDT",5.8,0.0018,false,10
"2026-09-11T16:48:00.000Z","0xnorm1209103aabbccddeeff00112233445566778899aabbccddeeff0011223344556677","Ethereum","0xBenignMerchantD40404040404040404040404040404","0xBenignVaultE5050505050505050505050505050505","ETH",5.95,0.0018,false,10
"2026-09-11T17:02:00.000Z","0xnorm1210104aabbccddeeff00112233445566778899aabbccddeeff0011223344556677","Ethereum","0xBenignVaultE5050505050505050505050505050505","0xBenignUserA1010101010101010101010101010101","ETH",6.1,0.0018,false,10
"2026-09-11T17:17:00.000Z","0xnorm1211105aabbccddeeff00112233445566778899aabbccddeeff0011223344556677","Polygon","0xBenignUserA1010101010101010101010101010101","0xBenignUserB2020202020202020202020202020202","USDT",6.25,0.0018,false,10
"2026-09-11T17:33:00.000Z","0xnorm1212106aabbccddeeff00112233445566778899aabbccddeeff0011223344556677","Ethereum","0xBenignUserB2020202020202020202020202020202","0xBenignUserC3030303030303030303030303030303","ETH",6.4,0.0018,false,10
"2026-09-11T17:50:00.000Z","0xnorm1213107aabbccddeeff00112233445566778899aabbccddeeff0011223344556677","Ethereum","0xBenignUserC3030303030303030303030303030303","0xBenignMerchantD40404040404040404040404040404","ETH",6.55,0.0018,false,10
"2026-09-11T18:08:00.000Z","0xnorm1214108aabbccddeeff00112233445566778899aabbccddeeff0011223344556677","Ethereum","0xBenignMerchantD40404040404040404040404040404","0xBenignVaultE5050505050505050505050505050505","USDT",6.7,0.0018,false,10
"2026-09-11T18:27:00.000Z","0xnorm1215109aabbccddeeff00112233445566778899aabbccddeeff0011223344556677","Ethereum","0xBenignVaultE5050505050505050505050505050505","0xBenignUserA1010101010101010101010101010101","ETH",6.85,0.0018,false,10
"2026-09-11T18:47:00.000Z","0xnorm1216110aabbccddeeff00112233445566778899aabbccddeeff0011223344556677","Polygon","0xBenignUserA1010101010101010101010101010101","0xBenignUserB2020202020202020202020202020202","ETH",7,0.0018,false,10
"2026-09-11T19:08:00.000Z","0xnorm1217111aabbccddeeff00112233445566778899aabbccddeeff0011223344556677","Ethereum","0xBenignUserB2020202020202020202020202020202","0xBenignUserC3030303030303030303030303030303","USDT",7.15,0.0018,false,10
"2026-09-11T19:30:00.000Z","0xnorm1218112aabbccddeeff00112233445566778899aabbccddeeff0011223344556677","Bitcoin","0xBenignUserC3030303030303030303030303030303","0xBenignMerchantD40404040404040404040404040404","ETH",7.3,0.0018,false,10
"2026-09-11T19:53:00.000Z","0xnorm1219113aabbccddeeff00112233445566778899aabbccddeeff0011223344556677","Ethereum","0xBenignMerchantD40404040404040404040404040404","0xBenignVaultE5050505050505050505050505050505","ETH",7.45,0.0018,false,10
"2026-09-11T20:17:00.000Z","0xnorm1220114aabbccddeeff00112233445566778899aabbccddeeff0011223344556677","Ethereum","0xBenignVaultE5050505050505050505050505050505","0xBenignUserA1010101010101010101010101010101","USDT",7.6,0.0018,false,10